{"cameraMode":{"drawMode":0,"name":"Shaded","section":"Shading Mode"},"sceneLighting":false,"audioPlay":false,"sceneViewState":{"showFog":true,"showMaterialUpdate":false,"showSkybox":false,"showFlares":true,"showImageEffects":true,"showParticleSystems":true},"in2DMode":false,"pivot":{"x":10.610370635986329,"y":-2.8447203636169435,"z":-3.921619415283203},"rotation":{"x":0.3426955044269562,"y":0.5102009177207947,"z":-0.23189108073711396,"w":0.7539804577827454},"size":0.6807264685630798,"orthographic":false}